{"name":"d3fbd08a-ae42-42bb-b56d-23c8169527bd","id":"/providers/Microsoft.Flow/flows/d3fbd08a-ae42-42bb-b56d-23c8169527bd","type":"Microsoft.Flow/flows","properties":{"apiId":"/providers/Microsoft.PowerApps/apis/shared_logicflows","displayName":"AutomaticApproval","definition":{"metadata":{"workflowEntityId":null,"processAdvisorMetadata":null,"flowclientsuspensionreason":"None","flowclientsuspensiontime":null,"creator":{"id":"af682c4f-b151-46c5-9769-1ce33767bb69","type":"User","tenantId":"4ddacd00-f764-4e77-9077-04deb651130e"},"provisioningMethod":"FromDefinition","failureAlertSubscription":true,"clientLastModifiedTime":"2022-03-24T20:45:27.267351Z"},"$schema":"https://schema.management.azure.com/providers/Microsoft.Logic/schemas/2016-06-01/workflowdefinition.json#","contentVersion":"1.0.0.0","parameters":{"$connections":{"defaultValue":{},"type":"Object"},"$authentication":{"defaultValue":{},"type":"SecureObject"}},"triggers":{"When_an_Open_Shift_request_is_created,_updated_or_deleted":{"splitOn":"@triggerOutputs()?['body/value']","metadata":{"operationMetadataId":"4e867ce4-3547-4857-a23b-6f0befa6e965"},"type":"OpenApiConnectionWebhook","inputs":{"host":{"apiId":"/providers/Microsoft.PowerApps/apis/shared_shifts","connectionName":"shared_shifts","operationId":"TriggerForOpenShiftChangeRequests"},"parameters":{"teamId":"23638243-6a38-4f50-85a3-25f9e901255a"},"authentication":"@parameters('$authentication')"}}},"actions":{"Approve_an_Open_Shift_request":{"runAfter":{},"metadata":{"operationMetadataId":"b4b3fc82-4223-4b42-a63a-aedf74473b2f"},"type":"OpenApiConnection","inputs":{"host":{"apiId":"/providers/Microsoft.PowerApps/apis/shared_shifts","connectionName":"shared_shifts","operationId":"OpenShiftChangeRequestApprove"},"parameters":{"teamId":"23638243-6a38-4f50-85a3-25f9e901255a","openShiftChangeRequestId":"@triggerOutputs()?['body/resourceData/id']","request/message":"Automatically approved."},"authentication":"@parameters('$authentication')"}}}},"connectionReferences":{"shared_shifts":{"connectionName":"shared-shifts-a9df9e7d-fcc8-495a-b3f7-4bf6fd79fcc8","source":"Embedded","id":"/providers/Microsoft.PowerApps/apis/shared_shifts","tier":"NotSpecified"}},"flowFailureAlertSubscribed":false}}